{
  "best_model": "Logistic Regression",
  "accuracy": 0.0873015873015873,
  "total_training_rows": 1007,
  "total_test_rows": 252,
  "total_classes": 93,
  "all_model_accuracies": {
    "Random Forest": 0.07936507936507936,
    "SVM": 0.05555555555555555,
    "Logistic Regression": 0.0873015873015873
  }
}